region_id,year,pressure_score
1,2010,0.8333333333333334
1,2011,0.7777777777777778
1,2012,0.7777777777777778
1,2013,0.7777777777777778
1,2014,0.7777777777777778
1,2015,0.7777777777777778
1,2016,0.7777777777777778
1,2017,0.7777777777777778
1,2018,0.7222222222222222
1,2019,0.7222222222222222
1,2020,0.7222222222222222
