region_id,year,status
1,2008,0.9728314993473662
1,2010,0.999099960002168
