region_id,habitat,condition
1,coral,0.437242598304283
1,rainforest,0.44951023591386957
