region_id,habitat,extent,condition,rank
1,coral,49.787997522999994,0.437242598304283,3
1,rainforest,0.9847106080999999,0.44951023591386957,4
