region_id,habitat,extent
1,coral,49.787997522999994
1,rainforest,0.9847106080999999
