region_id,status,score
1,0.14931595202183437,0.8009120639708875
