region_id,year,dimension,score
1,2014,offshore,0.6666666666666666
1,2015,offshore,0.6666666666666666
1,2016,offshore,0.6666666666666666
1,2017,offshore,0.6666666666666666
1,2018,offshore,0.6666666666666666
1,2019,offshore,0.6666666666666666
1,2020,offshore,0.6666666666666666
