region_id,year,area_forest
1,2005,1.1059964299999998
1,2010,1.3050913
1,2016,0.9837844106634301
1,2019,0.9847106080999999
