region_id,year,area_forest
1,2001,1.1857199999999999
1,2010,1.4413425
1,2016,1.1108326699748121
