category,cover_area
cocos,1.0007952397
forest,0.9847106080999999
