category,percent_cover,total_area_km
cocos,0.42310000000000003,2.3653869999999997
native_forest,0.33399999999999996,2.3653869999999997
scaevola,0.0823,2.3653869999999997
non_veg,0.1607,2.3653869999999997
